7.9_raw.csv_filtered_by_correlation15_SNR20_all_replacement_strategy_1,2022-11-26 23:05:48.265029
7.9_raw.csv_filtered_by_correlation15_SNR20_individual_replacement_strategy_1,2022-11-26 23:05:48.314918
7.6_raw.csv_filtered_by_correlation15_SNR20_all_replacement_strategy_1,2022-11-26 23:05:48.384736
7.6_raw.csv_filtered_by_correlation15_SNR20_individual_replacement_strategy_1,2022-11-26 23:05:48.446432
7.2_raw.csv_filtered_by_correlation15_SNR20_all_replacement_strategy_1,2022-11-26 23:05:48.520265
7.2_raw.csv_filtered_by_correlation15_SNR20_individual_replacement_strategy_1,2022-11-26 23:05:48.572108
Complete Duration,0:00:59.175967
7.9_raw.csv_filtered_by_correlation0.0_SNR0.0_Acceleration_1.5_all_replacement_strategy_0.0,2022-11-29 01:17:37.863594
7.9_raw.csv_filtered_by_correlation0.0_SNR0.0_acceleration_1.5_individual_replacement_strategy_0.0,2022-11-29 01:17:38.318851
7.6_raw.csv_filtered_by_correlation0.0_SNR0.0_Acceleration_1.5_all_replacement_strategy_0.0,2022-11-29 01:17:38.809993
7.6_raw.csv_filtered_by_correlation0.0_SNR0.0_acceleration_1.5_individual_replacement_strategy_0.0,2022-11-29 01:17:39.298219
7.2_raw.csv_filtered_by_correlation0.0_SNR0.0_Acceleration_1.5_all_replacement_strategy_0.0,2022-11-29 01:17:39.825550
7.2_raw.csv_filtered_by_correlation0.0_SNR0.0_acceleration_1.5_individual_replacement_strategy_0.0,2022-11-29 01:17:40.342131
7.9_raw.csv_filtered_by_correlation5.0_SNR0.0_Acceleration_1.5_all_replacement_strategy_0.0,2022-11-29 01:18:00.937380
7.9_raw.csv_filtered_by_correlation5.0_SNR0.0_acceleration_1.5_individual_replacement_strategy_0.0,2022-11-29 01:18:01.402304
7.6_raw.csv_filtered_by_correlation5.0_SNR0.0_Acceleration_1.5_all_replacement_strategy_0.0,2022-11-29 01:18:01.872432
7.6_raw.csv_filtered_by_correlation5.0_SNR0.0_acceleration_1.5_individual_replacement_strategy_0.0,2022-11-29 01:18:02.339060
7.2_raw.csv_filtered_by_correlation5.0_SNR0.0_Acceleration_1.5_all_replacement_strategy_0.0,2022-11-29 01:18:02.802305
7.2_raw.csv_filtered_by_correlation5.0_SNR0.0_acceleration_1.5_individual_replacement_strategy_0.0,2022-11-29 01:18:03.313720
7.9_raw.csv_filtered_by_correlation5.0_SNR6.0_Acceleration_1.5_all_replacement_strategy_0.0,2022-11-29 01:18:06.806939
7.9_raw.csv_filtered_by_correlation5.0_SNR6.0_acceleration_1.5_individual_replacement_strategy_0.0,2022-11-29 01:18:07.281026
7.6_raw.csv_filtered_by_correlation5.0_SNR6.0_Acceleration_1.5_all_replacement_strategy_0.0,2022-11-29 01:18:07.817051
7.6_raw.csv_filtered_by_correlation5.0_SNR6.0_acceleration_1.5_individual_replacement_strategy_0.0,2022-11-29 01:18:08.289409
7.2_raw.csv_filtered_by_correlation5.0_SNR6.0_Acceleration_1.5_all_replacement_strategy_0.0,2022-11-29 01:18:08.782845
7.2_raw.csv_filtered_by_correlation5.0_SNR6.0_acceleration_1.5_individual_replacement_strategy_0.0,2022-11-29 01:18:09.239050
7.9_raw.csv_filtered_by_correlation5.0_SNR6.0_Acceleration_1.5_all_replacement_strategy_0.0,2022-11-29 01:18:11.202476
7.9_raw.csv_filtered_by_correlation5.0_SNR6.0_acceleration_1.5_individual_replacement_strategy_0.0,2022-11-29 01:18:11.308963
7.6_raw.csv_filtered_by_correlation5.0_SNR6.0_Acceleration_1.5_all_replacement_strategy_0.0,2022-11-29 01:18:11.433722
7.6_raw.csv_filtered_by_correlation5.0_SNR6.0_acceleration_1.5_individual_replacement_strategy_0.0,2022-11-29 01:18:11.541404
7.2_raw.csv_filtered_by_correlation5.0_SNR6.0_Acceleration_1.5_all_replacement_strategy_0.0,2022-11-29 01:18:11.660340
7.2_raw.csv_filtered_by_correlation5.0_SNR6.0_acceleration_1.5_individual_replacement_strategy_0.0,2022-11-29 01:18:11.761242
7.9_raw.csv_filtered_by_correlation5.0_SNR6.0_Acceleration_1.5_all_replacement_strategy_0.0,2022-11-29 01:18:17.769819
7.9_raw.csv_filtered_by_correlation5.0_SNR6.0_acceleration_1.5_individual_replacement_strategy_0.0,2022-11-29 01:18:17.872587
7.6_raw.csv_filtered_by_correlation5.0_SNR6.0_Acceleration_1.5_all_replacement_strategy_0.0,2022-11-29 01:18:17.984433
7.6_raw.csv_filtered_by_correlation5.0_SNR6.0_acceleration_1.5_individual_replacement_strategy_0.0,2022-11-29 01:18:18.098457
7.2_raw.csv_filtered_by_correlation5.0_SNR6.0_Acceleration_1.5_all_replacement_strategy_0.0,2022-11-29 01:18:18.218029
7.2_raw.csv_filtered_by_correlation5.0_SNR6.0_acceleration_1.5_individual_replacement_strategy_0.0,2022-11-29 01:18:18.336097
7.9_raw.csv_filtered_by_correlation5.0_SNR6.0_Acceleration_1.5_all_replacement_strategy_0.0,2022-11-29 01:18:23.149603
7.9_raw.csv_filtered_by_correlation5.0_SNR6.0_acceleration_1.5_individual_replacement_strategy_0.0,2022-11-29 01:18:23.248338
7.6_raw.csv_filtered_by_correlation5.0_SNR6.0_Acceleration_1.5_all_replacement_strategy_0.0,2022-11-29 01:18:23.380961
7.6_raw.csv_filtered_by_correlation5.0_SNR6.0_acceleration_1.5_individual_replacement_strategy_0.0,2022-11-29 01:18:23.476309
7.2_raw.csv_filtered_by_correlation5.0_SNR6.0_Acceleration_1.5_all_replacement_strategy_0.0,2022-11-29 01:18:23.595462
7.2_raw.csv_filtered_by_correlation5.0_SNR6.0_acceleration_1.5_individual_replacement_strategy_0.0,2022-11-29 01:18:23.698693
7.9_raw.csv_filtered_by_correlation5.0_SNR6.0_Acceleration_1.5_all_replacement_strategy_3.0,2022-11-29 01:18:32.616107
7.9_raw.csv_filtered_by_correlation5.0_SNR6.0_acceleration_1.5_individual_replacement_strategy_3.0,2022-11-29 01:18:32.717303
7.6_raw.csv_filtered_by_correlation5.0_SNR6.0_Acceleration_1.5_all_replacement_strategy_3.0,2022-11-29 01:18:32.833032
7.6_raw.csv_filtered_by_correlation5.0_SNR6.0_acceleration_1.5_individual_replacement_strategy_3.0,2022-11-29 01:18:32.963795
7.2_raw.csv_filtered_by_correlation5.0_SNR6.0_Acceleration_1.5_all_replacement_strategy_3.0,2022-11-29 01:18:33.121803
7.2_raw.csv_filtered_by_correlation5.0_SNR6.0_acceleration_1.5_individual_replacement_strategy_3.0,2022-11-29 01:18:33.250010
7.9_raw.csv_filtered_by_correlation5.0_SNR6.0_Acceleration_1.5_all_replacement_strategy_3.0,2022-11-29 01:18:40.278308
7.9_raw.csv_filtered_by_correlation5.0_SNR6.0_acceleration_1.5_individual_replacement_strategy_3.0,2022-11-29 01:18:40.382096
7.6_raw.csv_filtered_by_correlation5.0_SNR6.0_Acceleration_1.5_all_replacement_strategy_3.0,2022-11-29 01:18:40.498506
7.6_raw.csv_filtered_by_correlation5.0_SNR6.0_acceleration_1.5_individual_replacement_strategy_3.0,2022-11-29 01:18:40.609368
7.2_raw.csv_filtered_by_correlation5.0_SNR6.0_Acceleration_1.5_all_replacement_strategy_3.0,2022-11-29 01:18:40.733796
7.2_raw.csv_filtered_by_correlation5.0_SNR6.0_acceleration_1.5_individual_replacement_strategy_3.0,2022-11-29 01:18:40.837520
7.9_raw.csv_filtered_by_correlation4.0_all_replacement_strategy_4.0,2022-11-29 01:47:08.303627
7.9_raw.csv_filtered_by_correlation4.0_individual_replacement_strategy_4.0,2022-11-29 01:47:08.382416
7.6_raw.csv_filtered_by_correlation4.0_all_replacement_strategy_4.0,2022-11-29 01:47:08.486138
7.6_raw.csv_filtered_by_correlation4.0_individual_replacement_strategy_4.0,2022-11-29 01:47:08.559940
7.2_raw.csv_filtered_by_correlation4.0_all_replacement_strategy_4.0,2022-11-29 01:47:08.653942
7.2_raw.csv_filtered_by_correlation4.0_individual_replacement_strategy_4.0,2022-11-29 01:47:08.724581
7.9_raw.csv_filtered_by_correlation4.0_all_replacement_strategy_4.0,2022-11-29 01:47:14.798741
7.9_raw.csv_filtered_by_correlation4.0_individual_replacement_strategy_4.0,2022-11-29 01:47:14.880067
7.6_raw.csv_filtered_by_correlation4.0_all_replacement_strategy_4.0,2022-11-29 01:47:14.969326
7.6_raw.csv_filtered_by_correlation4.0_individual_replacement_strategy_4.0,2022-11-29 01:47:15.040002
7.2_raw.csv_filtered_by_correlation4.0_all_replacement_strategy_4.0,2022-11-29 01:47:15.131802
7.2_raw.csv_filtered_by_correlation4.0_individual_replacement_strategy_4.0,2022-11-29 01:47:15.203653
7.9_raw.csv_filtered_by_correlation4.0_all_replacement_strategy_4.0,2022-11-29 01:47:16.001956
7.9_raw.csv_filtered_by_correlation4.0_individual_replacement_strategy_4.0,2022-11-29 01:47:16.080751
7.6_raw.csv_filtered_by_correlation4.0_all_replacement_strategy_4.0,2022-11-29 01:47:16.180479
7.6_raw.csv_filtered_by_correlation4.0_individual_replacement_strategy_4.0,2022-11-29 01:47:16.247357
7.2_raw.csv_filtered_by_correlation4.0_all_replacement_strategy_4.0,2022-11-29 01:47:16.347169
7.2_raw.csv_filtered_by_correlation4.0_individual_replacement_strategy_4.0,2022-11-29 01:47:16.419975
7.9_raw.csv_filtered_by_correlation4.0_all_replacement_strategy_4.0,2022-11-29 01:47:17.767443
7.9_raw.csv_filtered_by_correlation4.0_individual_replacement_strategy_4.0,2022-11-29 01:47:17.839251
7.6_raw.csv_filtered_by_correlation4.0_all_replacement_strategy_4.0,2022-11-29 01:47:17.935037
7.6_raw.csv_filtered_by_correlation4.0_individual_replacement_strategy_4.0,2022-11-29 01:47:18.014823
7.2_raw.csv_filtered_by_correlation4.0_all_replacement_strategy_4.0,2022-11-29 01:47:18.118597
7.2_raw.csv_filtered_by_correlation4.0_individual_replacement_strategy_4.0,2022-11-29 01:47:18.194789
7.9_raw.csv_filtered_by_correlation4.0_SNR3.0_all_replacement_strategy_5.0,2022-11-29 01:51:17.748639
7.9_raw.csv_filtered_by_correlation4.0_SNR3.0_individual_replacement_strategy_5.0,2022-11-29 01:51:17.827428
7.6_raw.csv_filtered_by_correlation4.0_SNR3.0_all_replacement_strategy_5.0,2022-11-29 01:51:17.922177
7.6_raw.csv_filtered_by_correlation4.0_SNR3.0_individual_replacement_strategy_5.0,2022-11-29 01:51:17.994980
7.2_raw.csv_filtered_by_correlation4.0_SNR3.0_all_replacement_strategy_5.0,2022-11-29 01:51:18.090726
7.2_raw.csv_filtered_by_correlation4.0_SNR3.0_individual_replacement_strategy_5.0,2022-11-29 01:51:18.164871
